0,0.0500,2.5000,2.5000,1.0000,0.0000,0.0000,0.0000,0.0000,0.0000,0.0000,0.0000
0,0.1000,2.5001,2.5000,1.0000,0.0031,0.0001,0.0012,0.0000,0.0000,0.0000,0.0000
0,0.1500,2.5004,2.5000,1.0002,0.0121,0.0004,0.0049,0.0000,0.0000,0.0000,0.0000
0,0.2000,2.5013,2.5001,1.0005,0.0265,0.0010,0.0106,0.0000,0.0000,0.0000,0.0000
0,0.2500,2.5031,2.5001,1.0013,0.0462,0.0017,0.0184,0.0000,0.0000,0.0000,0.0000
0,0.3000,2.5060,2.5002,1.0024,0.0706,0.0025,0.0281,0.0000,0.0000,0.0000,0.0000
0,0.3500,2.5103,2.5004,1.0041,0.0994,0.0034,0.0394,0.0000,0.0000,0.0000,0.0000
0,0.4000,2.5161,2.5006,1.0064,0.1323,0.0045,0.0522,0.0000,0.0000,0.0000,0.0000
0,0.4500,2.5236,2.5008,1.0093,0.1689,0.0056,0.0664,0.0000,0.0000,0.0000,0.0000
0,0.5000,2.5330,2.5011,1.0130,0.2089,0.0068,0.0817,0.0000,0.0000,0.0000,0.0000
0,0.5500,2.5445,2.5015,1.0175,0.2520,0.0080,0.0981,0.0000,0.0000,0.0000,0.0000
0,0.6000,2.5582,2.5019,1.0229,0.2979,0.0093,0.1155,0.0000,0.0000,0.0000,0.0000
0,0.6500,2.5743,2.5024,1.0291,0.3462,0.0105,0.1335,0.0000,0.0000,0.0000,0.0000
0,0.7000,2.5929,2.5030,1.0362,0.3968,0.0117,0.1522,0.0000,0.0000,0.0000,0.0000
0,0.7500,2.6140,2.5036,1.0443,0.4492,0.0129,0.1714,0.0000,0.0000,0.0000,0.0000
0,0.8000,2.6379,2.5043,1.0534,0.5032,0.0141,0.1910,0.0000,0.0000,0.0000,0.0000
0,0.8500,2.6644,2.5050,1.0634,0.5585,0.0152,0.2109,0.0000,0.0000,0.0000,0.0000
0,0.9000,2.6937,2.5058,1.0745,0.6150,0.0162,0.2308,0.0000,0.0000,0.0000,0.0000
0,0.9500,2.7259,2.5066,1.0865,0.6723,0.0171,0.2508,0.0000,0.0000,0.0000,0.0000
0,1.0000,2.7610,2.5075,1.0995,0.7301,0.0179,0.2707,0.0000,0.0000,0.0000,0.0000
0,1.0500,2.7989,2.5084,1.1136,0.7884,0.0187,0.2904,0.0000,0.0000,0.0000,0.0000
0,1.1000,2.8398,2.5094,1.1286,0.8468,0.0193,0.3099,0.0000,0.0000,0.0000,0.0000
0,1.1500,2.8836,2.5103,1.1446,0.9051,0.0198,0.3289,0.0000,0.0000,0.0000,0.0000
0,1.2000,2.9303,2.5113,1.1615,0.9631,0.0201,0.3475,0.0000,0.0000,0.0000,0.0000
0,1.2500,2.9799,2.5123,1.1793,1.0207,0.0203,0.3655,0.0000,0.0000,0.0000,0.0000
0,1.3000,3.0324,2.5134,1.1980,1.0776,0.0204,0.3828,0.0000,0.0000,0.0000,0.0000
0,1.3500,3.0876,2.5144,1.2176,1.1336,0.0203,0.3995,0.0000,0.0000,0.0000,0.0000
0,1.4000,3.1457,2.5154,1.2379,1.1887,0.0201,0.4153,0.0000,0.0000,0.0000,0.0000
0,1.4500,3.2065,2.5164,1.2591,1.2426,0.0197,0.4304,0.0000,0.0000,0.0000,0.0000
0,1.5000,3.2699,2.5174,1.2810,1.2951,0.0192,0.4444,0.0000,0.0000,0.0000,0.0000
0,1.5500,3.3360,2.5183,1.3035,1.3462,0.0185,0.4576,0.0000,0.0000,0.0000,0.0000
0,1.6000,3.4045,2.5192,1.3267,1.3957,0.0176,0.4696,0.0000,0.0000,0.0000,0.0000
0,1.6500,3.4755,2.5201,1.3505,1.4435,0.0165,0.4806,0.0000,0.0000,0.0000,0.0000
0,1.7000,3.5489,2.5209,1.3747,1.4895,0.0153,0.4905,0.0000,0.0000,0.0000,0.0000
0,1.7500,3.6244,2.5216,1.3995,1.5335,0.0140,0.4992,0.0000,0.0000,0.0000,0.0000
0,1.8000,3.7022,2.5223,1.4246,1.5754,0.0125,0.5067,0.0000,0.0000,0.0000,0.0000
0,1.8500,3.7819,2.5228,1.4501,1.6152,0.0108,0.5130,0.0000,0.0000,0.0000,0.0000
0,1.9000,3.8637,2.5233,1.4759,1.6528,0.0090,0.5180,0.0000,0.0000,0.0000,0.0000
0,1.9500,3.9472,2.5237,1.5019,1.6882,0.0070,0.5218,0.0000,0.0000,0.0000,0.0000
0,2.0000,4.0324,2.5240,1.5281,1.7211,0.0049,0.5242,0.0000,0.0000,0.0000,0.0000
0,2.0500,4.1193,2.5242,1.5543,1.7517,0.0027,0.5253,0.0000,0.0000,0.0000,0.0000
0,2.1000,4.2076,2.5243,1.5806,1.7799,0.0003,0.5251,0.0000,0.0000,0.0000,0.0000
0,2.1500,4.2972,2.5243,1.6068,1.8055,-0.0021,0.5236,0.0000,0.0000,0.0000,0.0000
0,2.2000,4.3881,2.5241,1.6329,1.8287,-0.0047,0.5207,0.0000,0.0000,0.0000,0.0000
0,2.2500,4.4800,2.5238,1.6589,1.8493,-0.0073,0.5166,0.0000,0.0000,0.0000,0.0000
0,2.3000,4.5730,2.5234,1.6846,1.8674,-0.0101,0.5111,0.0000,0.0000,0.0000,0.0000
0,2.3500,4.6667,2.5228,1.7099,1.8829,-0.0129,0.5043,0.0000,0.0000,0.0000,0.0000
0,2.4000,4.7612,2.5221,1.7350,1.8959,-0.0157,0.4963,0.0000,0.0000,0.0000,0.0000
0,2.4500,4.8563,2.5212,1.7596,1.9064,-0.0186,0.4869,0.0000,0.0000,0.0000,0.0000
0,2.5000,4.9518,2.5202,1.7836,1.9145,-0.0215,0.4764,0.0000,0.0000,0.0000,0.0000
0,2.5500,5.0477,2.5191,1.8072,1.9201,-0.0244,0.4647,0.0000,0.0000,0.0000,0.0000
0,2.6000,5.1438,2.5178,1.8301,1.9232,-0.0274,0.4518,0.0000,0.0000,0.0000,0.0000
0,2.6500,5.2400,2.5163,1.8523,1.9241,-0.0302,0.4377,0.0000,0.0000,0.0000,0.0000
0,2.7000,5.3361,2.5147,1.8738,1.9226,-0.0331,0.4226,0.0000,0.0000,0.0000,0.0000
0,2.7500,5.4322,2.5130,1.8946,1.9189,-0.0359,0.4065,0.0000,0.0000,0.0000,0.0000
0,2.8000,5.5280,2.5112,1.9145,1.9131,-0.0386,0.3894,0.0000,0.0000,0.0000,0.0000
0,2.8500,5.6235,2.5092,1.9335,1.9053,-0.0411,0.3714,0.0000,0.0000,0.0000,0.0000
0,2.9000,5.7185,2.5070,1.9516,1.8954,-0.0436,0.3526,0.0000,0.0000,0.0000,0.0000
0,2.9500,5.8130,2.5048,1.9687,1.8838,-0.0459,0.3330,0.0000,0.0000,0.0000,0.0000
0,3.0000,5.9068,2.5025,1.9849,1.8704,-0.0480,0.3126,0.0000,0.0000,0.0000,0.0000
0,3.0500,6.0000,2.5000,2.0000,1.8554,-0.0500,0.2917,0.0000,0.0000,0.0000,0.0000
0,3.1000,6.0924,2.4975,2.0140,1.8389,-0.0517,0.2701,0.0000,0.0000,0.0000,0.0000
0,3.1500,6.1839,2.4948,2.0270,1.8211,-0.0531,0.2482,0.0000,0.0000,0.0000,0.0000
0,3.2000,6.2745,2.4922,2.0389,1.8021,-0.0543,0.2258,0.0000,0.0000,0.0000,0.0000
0,3.2500,6.3641,2.4894,2.0496,1.7821,-0.0551,0.2031,0.0000,0.0000,0.0000,0.0000
0,3.3000,6.4526,2.4866,2.0592,1.7610,-0.0557,0.1802,0.0000,0.0000,0.0000,0.0000
0,3.3500,6.5402,2.4839,2.0676,1.7392,-0.0559,0.1572,0.0000,0.0000,0.0000,0.0000
0,3.4000,6.6266,2.4811,2.0749,1.7166,-0.0557,0.1340,0.0000,0.0000,0.0000,0.0000
0,3.4500,6.7118,2.4783,2.0810,1.6934,-0.0551,0.1108,0.0000,0.0000,0.0000,0.0000
0,3.5000,6.7959,2.4756,2.0860,1.6697,-0.0542,0.0877,0.0000,0.0000,0.0000,0.0000
0,3.5500,6.8788,2.4729,2.0898,1.6457,-0.0528,0.0647,0.0000,0.0000,0.0000,0.0000
0,3.6000,6.9605,2.4703,2.0924,1.6214,-0.0509,0.0419,0.0000,0.0000,0.0000,0.0000
0,3.6500,7.0409,2.4678,2.0940,1.5968,-0.0486,0.0193,0.0000,0.0000,0.0000,0.0000
0,3.7000,7.1201,2.4654,2.0944,1.5722,-0.0459,-0.0030,0.0000,0.0000,0.0000,0.0000
0,3.7500,7.1981,2.4632,2.0937,1.5476,-0.0426,-0.0250,0.0000,0.0000,0.0000,0.0000
0,3.8000,7.2749,2.4612,2.0919,1.5231,-0.0389,-0.0465,0.0000,0.0000,0.0000,0.0000
0,3.8500,7.3504,2.4593,2.0890,1.4987,-0.0346,-0.0676,0.0000,0.0000,0.0000,0.0000
0,3.9000,7.4248,2.4577,2.0851,1.4746,-0.0298,-0.0882,0.0000,0.0000,0.0000,0.0000
0,3.9500,7.4979,2.4564,2.0802,1.4508,-0.0244,-0.1083,0.0000,0.0000,0.0000,0.0000
0,4.0000,7.5699,2.4553,2.0743,1.4275,-0.0186,-0.1278,0.0000,0.0000,0.0000,0.0000
0,4.0500,7.6407,2.4545,2.0674,1.4046,-0.0121,-0.1466,0.0000,0.0000,0.0000,0.0000
0,4.1000,7.7103,2.4541,2.0597,1.3822,-0.0051,-0.1648,0.0000,0.0000,0.0000,0.0000
0,4.1500,7.7789,2.4540,2.0510,1.3604,0.0025,-0.1822,0.0000,0.0000,0.0000,0.0000
0,4.2000,7.8464,2.4543,2.0414,1.3392,0.0106,-0.1989,0.0000,0.0000,0.0000,0.0000
0,4.2500,7.9128,2.4551,2.0311,1.3188,0.0194,-0.2149,0.0000,0.0000,0.0000,0.0000
0,4.3000,7.9783,2.4563,2.0200,1.2991,0.0287,-0.2300,0.0000,0.0000,0.0000,0.0000
0,4.3500,8.0427,2.4580,2.0081,1.2802,0.0386,-0.2443,0.0000,0.0000,0.0000,0.0000
0,4.4000,8.1063,2.4602,1.9956,1.2621,0.0491,-0.2577,0.0000,0.0000,0.0000,0.0000
0,4.4500,8.1690,2.4629,1.9824,1.2450,0.0602,-0.2702,0.0000,0.0000,0.0000,0.0000
0,4.5000,8.2308,2.4662,1.9685,1.2287,0.0719,-0.2819,0.0000,0.0000,0.0000,0.0000
0,4.5500,8.2919,2.4701,1.9542,1.2134,0.0842,-0.2926,0.0000,0.0000,0.0000,0.0000
0,4.6000,8.3522,2.4746,1.9393,1.1990,0.0971,-0.3024,0.0000,0.0000,0.0000,0.0000
0,4.6500,8.4118,2.4798,1.9240,1.1856,0.1105,-0.3112,0.0000,0.0000,0.0000,0.0000
0,4.7000,8.4707,2.4857,1.9082,1.1733,0.1246,-0.3190,0.0000,0.0000,0.0000,0.0000
0,4.7500,8.5291,2.4923,1.8921,1.1619,0.1392,-0.3259,0.0000,0.0000,0.0000,0.0000
0,4.8000,8.5870,2.4996,1.8756,1.1516,0.1544,-0.3318,0.0000,0.0000,0.0000,0.0000
0,4.8500,8.6443,2.5077,1.8589,1.1424,0.1702,-0.3367,0.0000,0.0000,0.0000,0.0000
0,4.9000,8.7012,2.5167,1.8420,1.1342,0.1866,-0.3406,0.0000,0.0000,0.0000,0.0000
0,4.9500,8.7577,2.5264,1.8249,1.1271,0.2035,-0.3435,0.0000,0.0000,0.0000,0.0000
0,5.0000,8.8139,2.5370,1.8077,1.1210,0.2209,-0.3454,0.0000,0.0000,0.0000,0.0000
0,5.0500,8.8699,2.5485,1.7904,1.1159,0.2389,-0.3463,0.0000,0.0000,0.0000,0.0000
0,5.1000,8.9255,2.5609,1.7730,1.1119,0.2574,-0.3462,0.0000,0.0000,0.0000,0.0000
0,5.1500,8.9811,2.5743,1.7557,1.1089,0.2765,-0.3452,0.0000,0.0000,0.0000,0.0000
0,5.2000,9.0365,2.5886,1.7385,1.1069,0.2960,-0.3432,0.0000,0.0000,0.0000,0.0000
0,5.2500,9.0918,2.6039,1.7214,1.1059,0.3160,-0.3402,0.0000,0.0000,0.0000,0.0000
0,5.3000,9.1471,2.6202,1.7045,1.1058,0.3365,-0.3363,0.0000,0.0000,0.0000,0.0000
0,5.3500,9.2024,2.6375,1.6878,1.1066,0.3574,-0.3315,0.0000,0.0000,0.0000,0.0000
0,5.4000,9.2577,2.6559,1.6714,1.1084,0.3788,-0.3258,0.0000,0.0000,0.0000,0.0000
0,5.4500,9.3132,2.6754,1.6553,1.1109,0.4007,-0.3192,0.0000,0.0000,0.0000,0.0000
0,5.5000,9.3688,2.6960,1.6395,1.1143,0.4229,-0.3118,0.0000,0.0000,0.0000,0.0000
0,5.5500,9.4247,2.7177,1.6241,1.1185,0.4455,-0.3035,0.0000,0.0000,0.0000,0.0000
0,5.6000,9.4807,2.7406,1.6092,1.1234,0.4684,-0.2944,0.0000,0.0000,0.0000,0.0000
0,5.6500,9.5370,2.7646,1.5947,1.1289,0.4918,-0.2846,0.0000,0.0000,0.0000,0.0000
0,5.7000,9.5936,2.7897,1.5807,1.1351,0.5154,-0.2740,0.0000,0.0000,0.0000,0.0000
0,5.7500,9.6505,2.8161,1.5673,1.1418,0.5393,-0.2627,0.0000,0.0000,0.0000,0.0000
0,5.8000,9.7078,2.8437,1.5544,1.1490,0.5635,-0.2508,0.0000,0.0000,0.0000,0.0000
0,5.8500,9.7654,2.8725,1.5422,1.1566,0.5880,-0.2382,0.0000,0.0000,0.0000,0.0000
0,5.9000,9.8234,2.9025,1.5306,1.1645,0.6127,-0.2251,0.0000,0.0000,0.0000,0.0000
0,5.9500,9.8819,2.9337,1.5197,1.1728,0.6376,-0.2114,0.0000,0.0000,0.0000,0.0000
0,6.0000,9.9407,2.9662,1.5095,1.1812,0.6626,-0.1973,0.0000,0.0000,0.0000,0.0000
0,6.0500,10.0000,3.0000,1.5000,1.1898,0.6878,-0.1827,0.0000,0.0000,0.0000,0.0000
0,6.1000,10.0597,3.0350,1.4912,1.1983,0.7132,-0.1677,0.0000,0.0000,0.0000,0.0000
0,6.1500,10.1198,3.0713,1.4832,1.2069,0.7386,-0.1524,0.0000,0.0000,0.0000,0.0000
0,6.2000,10.1804,3.1089,1.4760,1.2153,0.7640,-0.1368,0.0000,0.0000,0.0000,0.0000
0,6.2500,10.2414,3.1477,1.4696,1.2234,0.7895,-0.1209,0.0000,0.0000,0.0000,0.0000
0,6.3000,10.3027,3.1878,1.4639,1.2313,0.8150,-0.1049,0.0000,0.0000,0.0000,0.0000
0,6.3500,10.3645,3.2292,1.4591,1.2388,0.8404,-0.0888,0.0000,0.0000,0.0000,0.0000
0,6.4000,10.4266,3.2719,1.4550,1.2458,0.8658,-0.0725,0.0000,0.0000,0.0000,0.0000
0,6.4500,10.4891,3.3158,1.4518,1.2524,0.8911,-0.0562,0.0000,0.0000,0.0000,0.0000
0,6.5000,10.5518,3.3610,1.4494,1.2584,0.9163,-0.0399,0.0000,0.0000,0.0000,0.0000
0,6.5500,10.6149,3.4074,1.4478,1.2637,0.9414,-0.0236,0.0000,0.0000,0.0000,0.0000
0,6.6000,10.6782,3.4551,1.4471,1.2683,0.9664,-0.0074,0.0000,0.0000,0.0000,0.0000
0,6.6500,10.7417,3.5041,1.4471,1.2722,0.9911,0.0088,0.0000,0.0000,0.0000,0.0000
0,6.7000,10.8054,3.5542,1.4479,1.2753,1.0157,0.0247,0.0000,0.0000,0.0000,0.0000
0,6.7500,10.8692,3.6056,1.4496,1.2775,1.0401,0.0405,0.0000,0.0000,0.0000,0.0000
0,6.8000,10.9331,3.6582,1.4520,1.2788,1.0643,0.0561,0.0000,0.0000,0.0000,0.0000
0,6.8500,10.9971,3.7120,1.4552,1.2792,1.0882,0.0714,0.0000,0.0000,0.0000,0.0000
0,6.9000,11.0610,3.7670,1.4591,1.2786,1.1118,0.0864,0.0000,0.0000,0.0000,0.0000
0,6.9500,11.1249,3.8232,1.4638,1.2770,1.1352,0.1011,0.0000,0.0000,0.0000,0.0000
0,7.0000,11.1887,3.8806,1.4692,1.2743,1.1583,0.1155,0.0000,0.0000,0.0000,0.0000
0,7.0500,11.2523,3.9390,1.4754,1.2705,1.1810,0.1295,0.0000,0.0000,0.0000,0.0000
0,7.1000,11.3157,3.9987,1.4822,1.2655,1.2035,0.1431,0.0000,0.0000,0.0000,0.0000
0,7.1500,11.3789,4.0594,1.4897,1.2595,1.2256,0.1563,0.0000,0.0000,0.0000,0.0000
0,7.2000,11.4417,4.1212,1.4978,1.2522,1.2474,0.1691,0.0000,0.0000,0.0000,0.0000
0,7.2500,11.5041,4.1841,1.5066,1.2438,1.2688,0.1814,0.0000,0.0000,0.0000,0.0000
0,7.3000,11.5660,4.2481,1.5159,1.2341,1.2898,0.1932,0.0000,0.0000,0.0000,0.0000
0,7.3500,11.6275,4.3131,1.5259,1.2233,1.3105,0.2045,0.0000,0.0000,0.0000,0.0000
0,7.4000,11.6883,4.3791,1.5364,1.2112,1.3308,0.2153,0.0000,0.0000,0.0000,0.0000
0,7.4500,11.7486,4.4462,1.5474,1.1978,1.3507,0.2256,0.0000,0.0000,0.0000,0.0000
0,7.5000,11.8081,4.5142,1.5589,1.1832,1.3702,0.2353,0.0000,0.0000,0.0000,0.0000
0,7.5500,11.8669,4.5832,1.5709,1.1674,1.3893,0.2444,0.0000,0.0000,0.0000,0.0000
0,7.6000,11.9248,4.6531,1.5834,1.1503,1.4080,0.2530,0.0000,0.0000,0.0000,0.0000
0,7.6500,11.9819,4.7240,1.5962,1.1319,1.4262,0.2609,0.0000,0.0000,0.0000,0.0000
0,7.7000,12.0380,4.7957,1.6094,1.1123,1.4441,0.2683,0.0000,0.0000,0.0000,0.0000
0,7.7500,12.0931,4.8684,1.6230,1.0915,1.4615,0.2750,0.0000,0.0000,0.0000,0.0000
0,7.8000,12.1471,4.9419,1.6369,1.0695,1.4785,0.2812,0.0000,0.0000,0.0000,0.0000
0,7.8500,12.2000,5.0162,1.6511,1.0462,1.4951,0.2867,0.0000,0.0000,0.0000,0.0000
0,7.9000,12.2517,5.0914,1.6656,1.0218,1.5112,0.2916,0.0000,0.0000,0.0000,0.0000
0,7.9500,12.3022,5.1673,1.6803,0.9962,1.5270,0.2959,0.0000,0.0000,0.0000,0.0000
0,8.0000,12.3513,5.2441,1.6952,0.9695,1.5423,0.2995,0.0000,0.0000,0.0000,0.0000
0,8.0500,12.3991,5.3216,1.7102,0.9417,1.5572,0.3025,0.0000,0.0000,0.0000,0.0000
0,8.1000,12.4455,5.3998,1.7254,0.9128,1.5716,0.3049,0.0000,0.0000,0.0000,0.0000
0,8.1500,12.4904,5.4787,1.7407,0.8829,1.5857,0.3066,0.0000,0.0000,0.0000,0.0000
0,8.2000,12.5337,5.5583,1.7561,0.8519,1.5993,0.3077,0.0000,0.0000,0.0000,0.0000
0,8.2500,12.5755,5.6386,1.7715,0.8200,1.6126,0.3082,0.0000,0.0000,0.0000,0.0000
0,8.3000,12.6157,5.7196,1.7869,0.7871,1.6254,0.3081,0.0000,0.0000,0.0000,0.0000
0,8.3500,12.6542,5.8012,1.8023,0.7534,1.6379,0.3074,0.0000,0.0000,0.0000,0.0000
0,8.4000,12.6910,5.8834,1.8176,0.7189,1.6500,0.3061,0.0000,0.0000,0.0000,0.0000
0,8.4500,12.7261,5.9662,1.8329,0.6835,1.6617,0.3042,0.0000,0.0000,0.0000,0.0000
0,8.5000,12.7594,6.0495,1.8480,0.6475,1.6730,0.3017,0.0000,0.0000,0.0000,0.0000
0,8.5500,12.7908,6.1335,1.8630,0.6107,1.6840,0.2987,0.0000,0.0000,0.0000,0.0000
0,8.6000,12.8205,6.2179,1.8779,0.5734,1.6947,0.2952,0.0000,0.0000,0.0000,0.0000
0,8.6500,12.8482,6.3029,1.8925,0.5355,1.7050,0.2911,0.0000,0.0000,0.0000,0.0000
0,8.7000,12.8740,6.3884,1.9070,0.4972,1.7150,0.2865,0.0000,0.0000,0.0000,0.0000
0,8.7500,12.8979,6.4744,1.9212,0.4584,1.7248,0.2814,0.0000,0.0000,0.0000,0.0000
0,8.8000,12.9198,6.5609,1.9351,0.4194,1.7342,0.2758,0.0000,0.0000,0.0000,0.0000
0,8.8500,12.9398,6.6478,1.9487,0.3800,1.7434,0.2698,0.0000,0.0000,0.0000,0.0000
0,8.9000,12.9578,6.7352,1.9621,0.3405,1.7523,0.2634,0.0000,0.0000,0.0000,0.0000
0,8.9500,12.9739,6.8231,1.9751,0.3009,1.7610,0.2565,0.0000,0.0000,0.0000,0.0000
0,9.0000,12.9879,6.9113,1.9877,0.2613,1.7695,0.2493,0.0000,0.0000,0.0000,0.0000
0,9.0500,13.0000,7.0000,2.0000,0.2217,1.7777,0.2417,0.0000,0.0000,0.0000,0.0000
0,9.1000,13.0101,7.0891,2.0119,0.1823,1.7858,0.2338,0.0000,0.0000,0.0000,0.0000
0,9.1500,13.0182,7.1786,2.0234,0.1432,1.7938,0.2257,0.0000,0.0000,0.0000,0.0000
0,9.2000,13.0244,7.2685,2.0345,0.1044,1.8016,0.2172,0.0000,0.0000,0.0000,0.0000
0,9.2500,13.0287,7.3587,2.0451,0.0661,1.8093,0.2085,0.0000,0.0000,0.0000,0.0000
0,9.3000,13.0310,7.4494,2.0553,0.0282,1.8168,0.1996,0.0000,0.0000,0.0000,0.0000
0,9.3500,13.0315,7.5404,2.0651,-0.0090,1.8243,0.1905,0.0000,0.0000,0.0000,0.0000
0,9.4000,13.0301,7.6318,2.0744,-0.0456,1.8318,0.1813,0.0000,0.0000,0.0000,0.0000
0,9.4500,13.0270,7.7236,2.0832,-0.0815,1.8391,0.1719,0.0000,0.0000,0.0000,0.0000
0,9.5000,13.0220,7.8157,2.0915,-0.1165,1.8465,0.1624,0.0000,0.0000,0.0000,0.0000
0,9.5500,13.0153,7.9082,2.0994,-0.1506,1.8538,0.1528,0.0000,0.0000,0.0000,0.0000
0,9.6000,13.0070,8.0011,2.1068,-0.1838,1.8610,0.1432,0.0000,0.0000,0.0000,0.0000
0,9.6500,12.9970,8.0943,2.1137,-0.2160,1.8683,0.1335,0.0000,0.0000,0.0000,0.0000
0,9.7000,12.9854,8.1879,2.1202,-0.2471,1.8756,0.1237,0.0000,0.0000,0.0000,0.0000
0,9.7500,12.9723,8.2819,2.1261,-0.2771,1.8829,0.1140,0.0000,0.0000,0.0000,0.0000
0,9.8000,12.9577,8.3762,2.1316,-0.3059,1.8902,0.1043,0.0000,0.0000,0.0000,0.0000
0,9.8500,12.9417,8.4709,2.1365,-0.3334,1.8975,0.0946,0.0000,0.0000,0.0000,0.0000
0,9.9000,12.9244,8.5660,2.1410,-0.3597,1.9049,0.0850,0.0000,0.0000,0.0000,0.0000
0,9.9500,12.9058,8.6614,2.1450,-0.3846,1.9122,0.0754,0.0000,0.0000,0.0000,0.0000
0,10.0000,12.8859,8.7572,2.1486,-0.4082,1.9197,0.0659,0.0000,0.0000,0.0000,0.0000
0,10.0500,12.8650,8.8534,2.1516,-0.4303,1.9272,0.0565,0.0000,0.0000,0.0000,0.0000
0,10.1000,12.8429,8.9499,2.1542,-0.4510,1.9347,0.0472,0.0000,0.0000,0.0000,0.0000
0,10.1500,12.8199,9.0468,2.1564,-0.4702,1.9422,0.0381,0.0000,0.0000,0.0000,0.0000
0,10.2000,12.7959,9.1441,2.1580,-0.4879,1.9498,0.0291,0.0000,0.0000,0.0000,0.0000
0,10.2500,12.7711,9.2418,2.1593,-0.5040,1.9575,0.0202,0.0000,0.0000,0.0000,0.0000
0,10.3000,12.7456,9.3399,2.1601,-0.5186,1.9652,0.0116,0.0000,0.0000,0.0000,0.0000
0,10.3500,12.7193,9.4384,2.1604,-0.5315,1.9729,0.0031,0.0000,0.0000,0.0000,0.0000
0,10.4000,12.6924,9.5372,2.1604,-0.5428,1.9807,-0.0052,0.0000,0.0000,0.0000,0.0000
0,10.4500,12.6650,9.6364,2.1599,-0.5525,1.9885,-0.0134,0.0000,0.0000,0.0000,0.0000
0,10.5000,12.6372,9.7360,2.1590,-0.5605,1.9964,-0.0213,0.0000,0.0000,0.0000,0.0000
0,10.5500,12.6090,9.8361,2.1578,-0.5669,2.0042,-0.0289,0.0000,0.0000,0.0000,0.0000
0,10.6000,12.5806,9.9365,2.1561,-0.5716,2.0121,-0.0364,0.0000,0.0000,0.0000,0.0000
0,10.6500,12.5519,10.0373,2.1541,-0.5745,2.0200,-0.0436,0.0000,0.0000,0.0000,0.0000
0,10.7000,12.5231,10.1385,2.1518,-0.5758,2.0279,-0.0506,0.0000,0.0000,0.0000,0.0000
0,10.7500,12.4943,10.2401,2.1491,-0.5754,2.0357,-0.0574,0.0000,0.0000,0.0000,0.0000
0,10.8000,12.4656,10.3420,2.1461,-0.5733,2.0436,-0.0639,0.0000,0.0000,0.0000,0.0000
0,10.8500,12.4370,10.4444,2.1427,-0.5695,2.0514,-0.0701,0.0000,0.0000,0.0000,0.0000
0,10.9000,12.4087,10.5472,2.1391,-0.5640,2.0591,-0.0761,0.0000,0.0000,0.0000,0.0000
0,10.9500,12.3807,10.6503,2.1351,-0.5569,2.0668,-0.0818,0.0000,0.0000,0.0000,0.0000
0,11.0000,12.3530,10.7539,2.1309,-0.5481,2.0744,-0.0873,0.0000,0.0000,0.0000,0.0000
0,11.0500,12.3259,10.8578,2.1264,-0.5376,2.0819,-0.0925,0.0000,0.0000,0.0000,0.0000
0,11.1000,12.2993,10.9620,2.1216,-0.5255,2.0893,-0.0974,0.0000,0.0000,0.0000,0.0000
0,11.1500,12.2734,11.0667,2.1166,-0.5118,2.0966,-0.1021,0.0000,0.0000,0.0000,0.0000
0,11.2000,12.2481,11.1717,2.1114,-0.4965,2.1038,-0.1065,0.0000,0.0000,0.0000,0.0000
0,11.2500,12.2237,11.2771,2.1060,-0.4796,2.1107,-0.1106,0.0000,0.0000,0.0000,0.0000
0,11.3000,12.2002,11.3828,2.1004,-0.4612,2.1175,-0.1145,0.0000,0.0000,0.0000,0.0000
0,11.3500,12.1776,11.4888,2.0945,-0.4413,2.1241,-0.1182,0.0000,0.0000,0.0000,0.0000
0,11.4000,12.1561,11.5952,2.0886,-0.4199,2.1304,-0.1215,0.0000,0.0000,0.0000,0.0000
0,11.4500,12.1357,11.7019,2.0824,-0.3971,2.1365,-0.1247,0.0000,0.0000,0.0000,0.0000
0,11.5000,12.1164,11.8088,2.0761,-0.3729,2.1423,-0.1275,0.0000,0.0000,0.0000,0.0000
0,11.5500,12.0984,11.9161,2.0697,-0.3474,2.1478,-0.1302,0.0000,0.0000,0.0000,0.0000
0,11.6000,12.0817,12.0236,2.0631,-0.3205,2.1530,-0.1326,0.0000,0.0000,0.0000,0.0000
0,11.6500,12.0664,12.1314,2.0564,-0.2924,2.1578,-0.1348,0.0000,0.0000,0.0000,0.0000
0,11.7000,12.0525,12.2394,2.0496,-0.2631,2.1622,-0.1368,0.0000,0.0000,0.0000,0.0000
0,11.7500,12.0401,12.3476,2.0427,-0.2327,2.1663,-0.1385,0.0000,0.0000,0.0000,0.0000
0,11.8000,12.0292,12.4560,2.0358,-0.2011,2.1698,-0.1401,0.0000,0.0000,0.0000,0.0000
0,11.8500,12.0200,12.5646,2.0287,-0.1685,2.1729,-0.1415,0.0000,0.0000,0.0000,0.0000
0,11.9000,12.0124,12.6733,2.0216,-0.1350,2.1755,-0.1427,0.0000,0.0000,0.0000,0.0000
0,11.9500,12.0065,12.7821,2.0145,-0.1005,2.1776,-0.1437,0.0000,0.0000,0.0000,0.0000
0,12.0000,12.0024,12.8910,2.0072,-0.0652,2.1791,-0.1446,0.0000,0.0000,0.0000,0.0000
0,12.0500,12.0000,13.0000,2.0000,-0.0291,2.1800,-0.1453,0.0000,0.0000,0.0000,0.0000
0,12.1000,11.9995,13.1090,1.9927,0.0077,2.1802,-0.1459,0.0000,0.0000,0.0000,0.0000
0,12.1500,12.0008,13.2180,1.9854,0.0451,2.1798,-0.1464,0.0000,0.0000,0.0000,0.0000
0,12.2000,12.0040,13.3270,1.9781,0.0831,2.1786,-0.1468,0.0000,0.0000,0.0000,0.0000
0,12.2500,12.0091,13.4359,1.9707,0.1215,2.1767,-0.1471,0.0000,0.0000,0.0000,0.0000
0,12.3000,12.0161,13.5446,1.9634,0.1604,2.1741,-0.1473,0.0000,0.0000,0.0000,0.0000
0,12.3500,12.0251,13.6533,1.9560,0.1996,2.1706,-0.1475,0.0000,0.0000,0.0000,0.0000
0,12.4000,12.0361,13.7617,1.9486,0.2391,2.1663,-0.1476,0.0000,0.0000,0.0000,0.0000
0,12.4500,12.0490,13.8699,1.9412,0.2788,2.1612,-0.1477,0.0000,0.0000,0.0000,0.0000
0,12.5000,12.0640,13.9778,1.9338,0.3186,2.1551,-0.1478,0.0000,0.0000,0.0000,0.0000
0,12.5500,12.0809,14.0854,1.9265,0.3586,2.1482,-0.1478,0.0000,0.0000,0.0000,0.0000
0,12.6000,12.0998,14.1926,1.9191,0.3986,2.1404,-0.1478,0.0000,0.0000,0.0000,0.0000
0,12.6500,12.1208,14.2994,1.9117,0.4386,2.1316,-0.1478,0.0000,0.0000,0.0000,0.0000
0,12.7000,12.1437,14.4057,1.9043,0.4785,2.1219,-0.1478,0.0000,0.0000,0.0000,0.0000
0,12.7500,12.1686,14.5116,1.8969,0.5183,2.1112,-0.1479,0.0000,0.0000,0.0000,0.0000
0,12.8000,12.1955,14.6168,1.8895,0.5580,2.0995,-0.1479,0.0000,0.0000,0.0000,0.0000
0,12.8500,12.2244,14.7215,1.8821,0.5974,2.0868,-0.1480,0.0000,0.0000,0.0000,0.0000
0,12.9000,12.2553,14.8255,1.8747,0.6365,2.0731,-0.1482,0.0000,0.0000,0.0000,0.0000
0,12.9500,12.2881,14.9288,1.8673,0.6753,2.0584,-0.1484,0.0000,0.0000,0.0000,0.0000
0,13.0000,12.3228,15.0313,1.8599,0.7138,2.0427,-0.1486,0.0000,0.0000,0.0000,0.0000
0,13.0500,12.3594,15.1330,1.8524,0.7518,2.0259,-0.1489,0.0000,0.0000,0.0000,0.0000
0,13.1000,12.3980,15.2339,1.8450,0.7894,2.0082,-0.1492,0.0000,0.0000,0.0000,0.0000
0,13.1500,12.4384,15.3338,1.8375,0.8265,1.9893,-0.1497,0.0000,0.0000,0.0000,0.0000
0,13.2000,12.4806,15.4328,1.8300,0.8631,1.9695,-0.1502,0.0000,0.0000,0.0000,0.0000
0,13.2500,12.5247,15.5308,1.8225,0.8992,1.9486,-0.1507,0.0000,0.0000,0.0000,0.0000
0,13.3000,12.5705,15.6277,1.8149,0.9346,1.9267,-0.1514,0.0000,0.0000,0.0000,0.0000
0,13.3500,12.6181,15.7234,1.8073,0.9695,1.9038,-0.1521,0.0000,0.0000,0.0000,0.0000
0,13.4000,12.6675,15.8180,1.7997,1.0036,1.8798,-0.1529,0.0000,0.0000,0.0000,0.0000
0,13.4500,12.7185,15.9114,1.7920,1.0371,1.8549,-0.1539,0.0000,0.0000,0.0000,0.0000
0,13.5000,12.7712,16.0035,1.7843,1.0699,1.8289,-0.1549,0.0000,0.0000,0.0000,0.0000
0,13.5500,12.8255,16.0943,1.7766,1.1020,1.8020,-0.1559,0.0000,0.0000,0.0000,0.0000
0,13.6000,12.8813,16.1837,1.7687,1.1333,1.7741,-0.1571,0.0000,0.0000,0.0000,0.0000
0,13.6500,12.9388,16.2716,1.7608,1.1638,1.7452,-0.1584,0.0000,0.0000,0.0000,0.0000
0,13.7000,12.9977,16.3582,1.7529,1.1935,1.7153,-0.1598,0.0000,0.0000,0.0000,0.0000
0,13.7500,13.0581,16.4432,1.7449,1.2224,1.6846,-0.1612,0.0000,0.0000,0.0000,0.0000
0,13.8000,13.1199,16.5266,1.7368,1.2504,1.6529,-0.1628,0.0000,0.0000,0.0000,0.0000
0,13.8500,13.1831,16.6084,1.7286,1.2777,1.6204,-0.1644,0.0000,0.0000,0.0000,0.0000
0,13.9000,13.2477,16.6886,1.7203,1.3040,1.5869,-0.1661,0.0000,0.0000,0.0000,0.0000
0,13.9500,13.3135,16.7671,1.7120,1.3295,1.5527,-0.1679,0.0000,0.0000,0.0000,0.0000
0,14.0000,13.3806,16.8439,1.7035,1.3541,1.5176,-0.1698,0.0000,0.0000,0.0000,0.0000
0,14.0500,13.4489,16.9189,1.6950,1.3778,1.4817,-0.1718,0.0000,0.0000,0.0000,0.0000
0,14.1000,13.5184,16.9920,1.6864,1.4006,1.4451,-0.1738,0.0000,0.0000,0.0000,0.0000
0,14.1500,13.5890,17.0634,1.6776,1.4225,1.4078,-0.1759,0.0000,0.0000,0.0000,0.0000
0,14.2000,13.6606,17.1328,1.6688,1.4435,1.3697,-0.1781,0.0000,0.0000,0.0000,0.0000
0,14.2500,13.7333,17.2003,1.6598,1.4636,1.3311,-0.1804,0.0000,0.0000,0.0000,0.0000
0,14.3000,13.8070,17.2659,1.6507,1.4828,1.2917,-0.1827,0.0000,0.0000,0.0000,0.0000
0,14.3500,13.8816,17.3295,1.6415,1.5011,1.2518,-0.1850,0.0000,0.0000,0.0000,0.0000
0,14.4000,13.9571,17.3911,1.6322,1.5185,1.2114,-0.1874,0.0000,0.0000,0.0000,0.0000
0,14.4500,14.0334,17.4506,1.6228,1.5350,1.1704,-0.1898,0.0000,0.0000,0.0000,0.0000
0,14.5000,14.1105,17.5081,1.6132,1.5506,1.1290,-0.1923,0.0000,0.0000,0.0000,0.0000
0,14.5500,14.1884,17.5635,1.6036,1.5654,1.0872,-0.1948,0.0000,0.0000,0.0000,0.0000
0,14.6000,14.2671,17.6168,1.5938,1.5792,1.0450,-0.1973,0.0000,0.0000,0.0000,0.0000
0,14.6500,14.3464,17.6680,1.5838,1.5923,1.0025,-0.1998,0.0000,0.0000,0.0000,0.0000
0,14.7000,14.4263,17.7171,1.5738,1.6044,0.9597,-0.2023,0.0000,0.0000,0.0000,0.0000
0,14.7500,14.5068,17.7640,1.5636,1.6158,0.9166,-0.2048,0.0000,0.0000,0.0000,0.0000
0,14.8000,14.5878,17.8087,1.5533,1.6264,0.8734,-0.2073,0.0000,0.0000,0.0000,0.0000
0,14.8500,14.6694,17.8513,1.5429,1.6361,0.8301,-0.2097,0.0000,0.0000,0.0000,0.0000
0,14.9000,14.7514,17.8917,1.5323,1.6452,0.7867,-0.2121,0.0000,0.0000,0.0000,0.0000
0,14.9500,14.8339,17.9300,1.5217,1.6534,0.7434,-0.2144,0.0000,0.0000,0.0000,0.0000
0,15.0000,14.9168,17.9661,1.5109,1.6610,0.7000,-0.2167,0.0000,0.0000,0.0000,0.0000
0,15.0500,15.0000,18.0000,1.5000,1.6679,0.6568,-0.2189,0.0000,0.0000,0.0000,0.0000
0,15.1000,15.0836,18.0318,1.4890,1.6741,0.6138,-0.2210,0.0000,0.0000,0.0000,0.0000
0,15.1500,15.1674,18.0614,1.4779,1.6797,0.5710,-0.2230,0.0000,0.0000,0.0000,0.0000
0,15.2000,15.2515,18.0889,1.4667,1.6847,0.5285,-0.2249,0.0000,0.0000,0.0000,0.0000
0,15.2500,15.3359,18.1142,1.4554,1.6891,0.4864,-0.2266,0.0000,0.0000,0.0000,0.0000
0,15.3000,15.4204,18.1375,1.4440,1.6930,0.4447,-0.2283,0.0000,0.0000,0.0000,0.0000
0,15.3500,15.5051,18.1587,1.4326,1.6963,0.4035,-0.2297,0.0000,0.0000,0.0000,0.0000
0,15.4000,15.5900,18.1779,1.4211,1.6992,0.3628,-0.2310,0.0000,0.0000,0.0000,0.0000
0,15.4500,15.6751,18.1950,1.4095,1.7015,0.3226,-0.2322,0.0000,0.0000,0.0000,0.0000
0,15.5000,15.7602,18.2101,1.3979,1.7035,0.2831,-0.2332,0.0000,0.0000,0.0000,0.0000
0,15.5500,15.8454,18.2233,1.3862,1.7050,0.2443,-0.2339,0.0000,0.0000,0.0000,0.0000
0,15.6000,15.9307,18.2346,1.3745,1.7061,0.2061,-0.2345,0.0000,0.0000,0.0000,0.0000
0,15.6500,16.0160,18.2440,1.3627,1.7068,0.1688,-0.2349,0.0000,0.0000,0.0000,0.0000
0,15.7000,16.1014,18.2515,1.3510,1.7072,0.1322,-0.2351,0.0000,0.0000,0.0000,0.0000
0,15.7500,16.1867,18.2572,1.3392,1.7073,0.0965,-0.2351,0.0000,0.0000,0.0000,0.0000
0,15.8000,16.2721,18.2611,1.3275,1.7071,0.0616,-0.2348,0.0000,0.0000,0.0000,0.0000
0,15.8500,16.3574,18.2634,1.3157,1.7065,0.0277,-0.2343,0.0000,0.0000,0.0000,0.0000
0,15.9000,16.4427,18.2639,1.3040,1.7057,-0.0053,-0.2336,0.0000,0.0000,0.0000,0.0000
0,15.9500,16.5280,18.2629,1.2924,1.7047,-0.0373,-0.2326,0.0000,0.0000,0.0000,0.0000
0,16.0000,16.6132,18.2602,1.2808,1.7034,-0.0683,-0.2315,0.0000,0.0000,0.0000,0.0000
0,16.0500,16.6983,18.2560,1.2692,1.7019,-0.0983,-0.2300,0.0000,0.0000,0.0000,0.0000
0,16.1000,16.7834,18.2504,1.2578,1.7002,-0.1272,-0.2283,0.0000,0.0000,0.0000,0.0000
0,16.1500,16.8683,18.2433,1.2464,1.6983,-0.1550,-0.2264,0.0000,0.0000,0.0000,0.0000
0,16.2000,16.9532,18.2349,1.2352,1.6963,-0.1817,-0.2242,0.0000,0.0000,0.0000,0.0000
0,16.2500,17.0380,18.2252,1.2240,1.6941,-0.2073,-0.2217,0.0000,0.0000,0.0000,0.0000
0,16.3000,17.1226,18.2142,1.2130,1.6918,-0.2317,-0.2190,0.0000,0.0000,0.0000,0.0000
0,16.3500,17.2071,18.2020,1.2021,1.6894,-0.2550,-0.2160,0.0000,0.0000,0.0000,0.0000
0,16.4000,17.2915,18.1887,1.1914,1.6868,-0.2771,-0.2128,0.0000,0.0000,0.0000,0.0000
0,16.4500,17.3758,18.1744,1.1808,1.6842,-0.2980,-0.2093,0.0000,0.0000,0.0000,0.0000
0,16.5000,17.4600,18.1590,1.1705,1.6815,-0.3177,-0.2056,0.0000,0.0000,0.0000,0.0000
0,16.5500,17.5440,18.1426,1.1603,1.6787,-0.3362,-0.2016,0.0000,0.0000,0.0000,0.0000
0,16.6000,17.6278,18.1254,1.1503,1.6759,-0.3534,-0.1974,0.0000,0.0000,0.0000,0.0000
0,16.6500,17.7116,18.1073,1.1405,1.6731,-0.3695,-0.1928,0.0000,0.0000,0.0000,0.0000
0,16.7000,17.7951,18.0884,1.1310,1.6702,-0.3843,-0.1881,0.0000,0.0000,0.0000,0.0000
0,16.7500,17.8786,18.0689,1.1217,1.6672,-0.3979,-0.1831,0.0000,0.0000,0.0000,0.0000
0,16.8000,17.9619,18.0487,1.1127,1.6643,-0.4103,-0.1778,0.0000,0.0000,0.0000,0.0000
0,16.8500,18.0450,18.0279,1.1040,1.6614,-0.4215,-0.1724,0.0000,0.0000,0.0000,0.0000
0,16.9000,18.1280,18.0065,1.0955,1.6585,-0.4314,-0.1666,0.0000,0.0000,0.0000,0.0000
0,16.9500,18.2108,17.9847,1.0873,1.6555,-0.4402,-0.1607,0.0000,0.0000,0.0000,0.0000
0,17.0000,18.2936,17.9625,1.0794,1.6526,-0.4477,-0.1545,0.0000,0.0000,0.0000,0.0000
0,17.0500,18.3761,17.9400,1.0718,1.6497,-0.4540,-0.1481,0.0000,0.0000,0.0000,0.0000
0,17.1000,18.4585,17.9171,1.0646,1.6469,-0.4592,-0.1415,0.0000,0.0000,0.0000,0.0000
0,17.1500,18.5408,17.8941,1.0577,1.6441,-0.4632,-0.1347,0.0000,0.0000,0.0000,0.0000
0,17.2000,18.6229,17.8708,1.0511,1.6413,-0.4661,-0.1277,0.0000,0.0000,0.0000,0.0000
0,17.2500,18.7049,17.8475,1.0449,1.6386,-0.4678,-0.1205,0.0000,0.0000,0.0000,0.0000
0,17.3000,18.7868,17.8241,1.0391,1.6359,-0.4684,-0.1131,0.0000,0.0000,0.0000,0.0000
0,17.3500,18.8685,17.8007,1.0336,1.6332,-0.4679,-0.1056,0.0000,0.0000,0.0000,0.0000
0,17.4000,18.9501,17.7773,1.0285,1.6306,-0.4664,-0.0979,0.0000,0.0000,0.0000,0.0000
0,17.4500,19.0316,17.7541,1.0238,1.6281,-0.4638,-0.0900,0.0000,0.0000,0.0000,0.0000
0,17.5000,19.1129,17.7310,1.0195,1.6256,-0.4602,-0.0820,0.0000,0.0000,0.0000,0.0000
0,17.5500,19.1941,17.7081,1.0156,1.6231,-0.4556,-0.0738,0.0000,0.0000,0.0000,0.0000
0,17.6000,19.2752,17.6854,1.0122,1.6207,-0.4501,-0.0656,0.0000,0.0000,0.0000,0.0000
0,17.6500,19.3562,17.6631,1.0091,1.6184,-0.4437,-0.0572,0.0000,0.0000,0.0000,0.0000
0,17.7000,19.4371,17.6410,1.0064,1.6160,-0.4364,-0.0487,0.0000,0.0000,0.0000,0.0000
0,17.7500,19.5178,17.6194,1.0042,1.6138,-0.4282,-0.0402,0.0000,0.0000,0.0000,0.0000
0,17.8000,19.5984,17.5982,1.0024,1.6116,-0.4193,-0.0315,0.0000,0.0000,0.0000,0.0000
0,17.8500,19.6790,17.5775,1.0011,1.6094,-0.4096,-0.0228,0.0000,0.0000,0.0000,0.0000
0,17.9000,19.7594,17.5573,1.0001,1.6073,-0.3991,-0.0141,0.0000,0.0000,0.0000,0.0000
0,17.9500,19.8397,17.5376,0.9997,1.6051,-0.3880,-0.0054,0.0000,0.0000,0.0000,0.0000
0,18.0000,19.9199,17.5185,0.9996,1.6030,-0.3763,0.0034,0.0000,0.0000,0.0000,0.0000
0,18.0500,20.0000,17.5000,1.0000,1.6010,-0.3639,0.0122,0.0000,0.0000,0.0000,0.0000
0,18.1000,20.0800,17.4821,1.0008,1.5989,-0.3511,0.0209,0.0000,0.0000,0.0000,0.0000
0,18.1500,20.1599,17.4649,1.0021,1.5969,-0.3378,0.0296,0.0000,0.0000,0.0000,0.0000
0,18.2000,20.2397,17.4484,1.0038,1.5948,-0.3240,0.0383,0.0000,0.0000,0.0000,0.0000
0,18.2500,20.3194,17.4325,1.0059,1.5927,-0.3099,0.0469,0.0000,0.0000,0.0000,0.0000
0,18.3000,20.3990,17.4174,1.0085,1.5907,-0.2954,0.0554,0.0000,0.0000,0.0000,0.0000
0,18.3500,20.4784,17.4030,1.0115,1.5886,-0.2807,0.0638,0.0000,0.0000,0.0000,0.0000
0,18.4000,20.5578,17.3893,1.0149,1.5864,-0.2657,0.0721,0.0000,0.0000,0.0000,0.0000
0,18.4500,20.6371,17.3764,1.0187,1.5843,-0.2505,0.0803,0.0000,0.0000,0.0000,0.0000
0,18.5000,20.7162,17.3643,1.0229,1.5821,-0.2352,0.0884,0.0000,0.0000,0.0000,0.0000
0,18.5500,20.7953,17.3529,1.0275,1.5799,-0.2197,0.0963,0.0000,0.0000,0.0000,0.0000
0,18.6000,20.8742,17.3423,1.0325,1.5776,-0.2042,0.1040,0.0000,0.0000,0.0000,0.0000
0,18.6500,20.9530,17.3325,1.0379,1.5752,-0.1887,0.1116,0.0000,0.0000,0.0000,0.0000
0,18.7000,21.0317,17.3234,1.0437,1.5728,-0.1731,0.1190,0.0000,0.0000,0.0000,0.0000
0,18.7500,21.1103,17.3151,1.0498,1.5703,-0.1576,0.1262,0.0000,0.0000,0.0000,0.0000
0,18.8000,21.1888,17.3077,1.0563,1.5678,-0.1421,0.1332,0.0000,0.0000,0.0000,0.0000
0,18.8500,21.2671,17.3009,1.0631,1.5652,-0.1268,0.1400,0.0000,0.0000,0.0000,0.0000
0,18.9000,21.3453,17.2950,1.0703,1.5625,-0.1116,0.1466,0.0000,0.0000,0.0000,0.0000
0,18.9500,21.4234,17.2898,1.0778,1.5597,-0.0966,0.1529,0.0000,0.0000,0.0000,0.0000
0,19.0000,21.5013,17.2853,1.0856,1.5569,-0.0818,0.1590,0.0000,0.0000,0.0000,0.0000
0,19.0500,21.5790,17.2816,1.0937,1.5539,-0.0672,0.1648,0.0000,0.0000,0.0000,0.0000
0,19.1000,21.6567,17.2786,1.1021,1.5509,-0.0528,0.1704,0.0000,0.0000,0.0000,0.0000
0,19.1500,21.7341,17.2763,1.1107,1.5477,-0.0388,0.1758,0.0000,0.0000,0.0000,0.0000
0,19.2000,21.8114,17.2747,1.1196,1.5445,-0.0250,0.1809,0.0000,0.0000,0.0000,0.0000
0,19.2500,21.8886,17.2738,1.1288,1.5411,-0.0116,0.1857,0.0000,0.0000,0.0000,0.0000
0,19.3000,21.9655,17.2735,1.1382,1.5376,0.0014,0.1902,0.0000,0.0000,0.0000,0.0000
0,19.3500,22.0423,17.2739,1.1478,1.5340,0.0141,0.1944,0.0000,0.0000,0.0000,0.0000
0,19.4000,22.1189,17.2749,1.1576,1.5303,0.0264,0.1984,0.0000,0.0000,0.0000,0.0000
0,19.4500,22.1954,17.2766,1.1676,1.5265,0.0383,0.2020,0.0000,0.0000,0.0000,0.0000
0,19.5000,22.2716,17.2788,1.1778,1.5225,0.0498,0.2054,0.0000,0.0000,0.0000,0.0000
0,19.5500,22.3476,17.2815,1.1882,1.5185,0.0608,0.2085,0.0000,0.0000,0.0000,0.0000
0,19.6000,22.4234,17.2848,1.1987,1.5143,0.0713,0.2113,0.0000,0.0000,0.0000,0.0000
0,19.6500,22.4990,17.2887,1.2093,1.5099,0.0814,0.2137,0.0000,0.0000,0.0000,0.0000
0,19.7000,22.5744,17.2930,1.2200,1.5054,0.0910,0.2159,0.0000,0.0000,0.0000,0.0000
0,19.7500,22.6496,17.2977,1.2309,1.5008,0.1000,0.2178,0.0000,0.0000,0.0000,0.0000
0,19.8000,22.7245,17.3030,1.2418,1.4961,0.1086,0.2193,0.0000,0.0000,0.0000,0.0000
0,19.8500,22.7992,17.3086,1.2528,1.4912,0.1167,0.2206,0.0000,0.0000,0.0000,0.0000
0,19.9000,22.8736,17.3146,1.2639,1.4862,0.1242,0.2215,0.0000,0.0000,0.0000,0.0000
0,19.9500,22.9478,17.3210,1.2749,1.4810,0.1312,0.2221,0.0000,0.0000,0.0000,0.0000
0,20.0000,23.0217,17.3277,1.2861,1.4757,0.1377,0.2225,0.0000,0.0000,0.0000,0.0000
0,20.0500,23.0954,17.3348,1.2972,1.4702,0.1436,0.2225,0.0000,0.0000,0.0000,0.0000
0,20.1000,23.1687,17.3421,1.3083,1.4646,0.1490,0.2223,0.0000,0.0000,0.0000,0.0000
0,20.1500,23.2418,17.3497,1.3194,1.4588,0.1539,0.2217,0.0000,0.0000,0.0000,0.0000
0,20.2000,23.3146,17.3575,1.3305,1.4529,0.1582,0.2208,0.0000,0.0000,0.0000,0.0000
0,20.2500,23.3871,17.3655,1.3415,1.4468,0.1619,0.2197,0.0000,0.0000,0.0000,0.0000
0,20.3000,23.4593,17.3737,1.3524,1.4406,0.1651,0.2183,0.0000,0.0000,0.0000,0.0000
0,20.3500,23.5312,17.3820,1.3633,1.4342,0.1678,0.2165,0.0000,0.0000,0.0000,0.0000
0,20.4000,23.6027,17.3904,1.3741,1.4277,0.1700,0.2146,0.0000,0.0000,0.0000,0.0000
0,20.4500,23.6739,17.3990,1.3848,1.4210,0.1716,0.2123,0.0000,0.0000,0.0000,0.0000
0,20.5000,23.7448,17.4076,1.3953,1.4142,0.1728,0.2098,0.0000,0.0000,0.0000,0.0000
0,20.5500,23.8153,17.4162,1.4057,1.4072,0.1734,0.2070,0.0000,0.0000,0.0000,0.0000
0,20.6000,23.8855,17.4249,1.4160,1.4000,0.1735,0.2039,0.0000,0.0000,0.0000,0.0000
0,20.6500,23.9553,17.4336,1.4261,1.3927,0.1732,0.2007,0.0000,0.0000,0.0000,0.0000
0,20.7000,24.0248,17.4422,1.4361,1.3853,0.1723,0.1971,0.0000,0.0000,0.0000,0.0000
0,20.7500,24.0939,17.4508,1.4458,1.3777,0.1710,0.1934,0.0000,0.0000,0.0000,0.0000
0,20.8000,24.1626,17.4593,1.4554,1.3699,0.1693,0.1894,0.0000,0.0000,0.0000,0.0000
0,20.8500,24.2309,17.4677,1.4648,1.3620,0.1671,0.1852,0.0000,0.0000,0.0000,0.0000
0,20.9000,24.2988,17.4760,1.4739,1.3540,0.1646,0.1808,0.0000,0.0000,0.0000,0.0000
0,20.9500,24.3663,17.4842,1.4829,1.3458,0.1616,0.1763,0.0000,0.0000,0.0000,0.0000
0,21.0000,24.4333,17.4922,1.4915,1.3375,0.1583,0.1715,0.0000,0.0000,0.0000,0.0000
0,21.0500,24.5000,17.5000,1.5000,1.3290,0.1546,0.1666,0.0000,0.0000,0.0000,0.0000
0,21.1000,24.5662,17.5076,1.5082,1.3203,0.1506,0.1615,0.0000,0.0000,0.0000,0.0000
0,21.1500,24.6320,17.5151,1.5161,1.3115,0.1463,0.1562,0.0000,0.0000,0.0000,0.0000
0,21.2000,24.6974,17.5223,1.5238,1.3026,0.1417,0.1509,0.0000,0.0000,0.0000,0.0000
0,21.2500,24.7623,17.5292,1.5312,1.2936,0.1369,0.1454,0.0000,0.0000,0.0000,0.0000
0,21.3000,24.8267,17.5359,1.5384,1.2844,0.1318,0.1398,0.0000,0.0000,0.0000,0.0000
0,21.3500,24.8907,17.5424,1.5452,1.2750,0.1265,0.1341,0.0000,0.0000,0.0000,0.0000
0,21.4000,24.9542,17.5486,1.5518,1.2656,0.1210,0.1283,0.0000,0.0000,0.0000,0.0000
0,21.4500,25.0173,17.5545,1.5580,1.2560,0.1153,0.1224,0.0000,0.0000,0.0000,0.0000
0,21.5000,25.0798,17.5601,1.5640,1.2462,0.1095,0.1164,0.0000,0.0000,0.0000,0.0000
0,21.5500,25.1419,17.5654,1.5697,1.2364,0.1035,0.1104,0.0000,0.0000,0.0000,0.0000
0,21.6000,25.2035,17.5705,1.5750,1.2264,0.0975,0.1043,0.0000,0.0000,0.0000,0.0000
0,21.6500,25.2645,17.5752,1.5801,1.2163,0.0913,0.0982,0.0000,0.0000,0.0000,0.0000
0,21.7000,25.3251,17.5796,1.5849,1.2060,0.0850,0.0921,0.0000,0.0000,0.0000,0.0000
0,21.7500,25.3851,17.5837,1.5893,1.1957,0.0787,0.0859,0.0000,0.0000,0.0000,0.0000
0,21.8000,25.4447,17.5875,1.5935,1.1852,0.0723,0.0797,0.0000,0.0000,0.0000,0.0000
0,21.8500,25.5037,17.5909,1.5973,1.1746,0.0659,0.0735,0.0000,0.0000,0.0000,0.0000
0,21.9000,25.5621,17.5940,1.6008,1.1638,0.0595,0.0673,0.0000,0.0000,0.0000,0.0000
0,21.9500,25.6200,17.5969,1.6040,1.1530,0.0531,0.0611,0.0000,0.0000,0.0000,0.0000
0,22.0000,25.6774,17.5994,1.6069,1.1420,0.0466,0.0549,0.0000,0.0000,0.0000,0.0000
0,22.0500,25.7342,17.6015,1.6095,1.1310,0.0403,0.0487,0.0000,0.0000,0.0000,0.0000
0,22.1000,25.7905,17.6034,1.6118,1.1198,0.0339,0.0425,0.0000,0.0000,0.0000,0.0000
0,22.1500,25.8462,17.6049,1.6137,1.1085,0.0276,0.0364,0.0000,0.0000,0.0000,0.0000
0,22.2000,25.9014,17.6061,1.6154,1.0971,0.0214,0.0303,0.0000,0.0000,0.0000,0.0000
0,22.2500,25.9559,17.6071,1.6168,1.0856,0.0153,0.0243,0.0000,0.0000,0.0000,0.0000
0,22.3000,26.0099,17.6077,1.6178,1.0740,0.0092,0.0183,0.0000,0.0000,0.0000,0.0000
0,22.3500,26.0633,17.6080,1.6186,1.0623,0.0033,0.0124,0.0000,0.0000,0.0000,0.0000
0,22.4000,26.1161,17.6080,1.6191,1.0504,-0.0026,0.0066,0.0000,0.0000,0.0000,0.0000
0,22.4500,26.1684,17.6077,1.6193,1.0385,-0.0083,0.0008,0.0000,0.0000,0.0000,0.0000
0,22.5000,26.2200,17.6072,1.6192,1.0265,-0.0139,-0.0049,0.0000,0.0000,0.0000,0.0000
0,22.5500,26.2710,17.6063,1.6188,1.0144,-0.0193,-0.0106,0.0000,0.0000,0.0000,0.0000
0,22.6000,26.3214,17.6052,1.6181,1.0022,-0.0246,-0.0161,0.0000,0.0000,0.0000,0.0000
0,22.6500,26.3712,17.6039,1.6172,0.9899,-0.0297,-0.0216,0.0000,0.0000,0.0000,0.0000
0,22.7000,26.4204,17.6023,1.6160,0.9775,-0.0347,-0.0270,0.0000,0.0000,0.0000,0.0000
0,22.7500,26.4690,17.6004,1.6145,0.9650,-0.0395,-0.0323,0.0000,0.0000,0.0000,0.0000
0,22.8000,26.5169,17.5983,1.6127,0.9524,-0.0441,-0.0375,0.0000,0.0000,0.0000,0.0000
0,22.8500,26.5642,17.5960,1.6107,0.9397,-0.0485,-0.0426,0.0000,0.0000,0.0000,0.0000
0,22.9000,26.6109,17.5935,1.6085,0.9270,-0.0527,-0.0475,0.0000,0.0000,0.0000,0.0000
0,22.9500,26.6569,17.5907,1.6060,0.9141,-0.0568,-0.0524,0.0000,0.0000,0.0000,0.0000
0,23.0000,26.7023,17.5878,1.6032,0.9012,-0.0606,-0.0572,0.0000,0.0000,0.0000,0.0000
0,23.0500,26.7470,17.5847,1.6003,0.8882,-0.0642,-0.0619,0.0000,0.0000,0.0000,0.0000
0,23.1000,26.7911,17.5814,1.5970,0.8751,-0.0676,-0.0664,0.0000,0.0000,0.0000,0.0000
0,23.1500,26.8345,17.5779,1.5936,0.8620,-0.0708,-0.0709,0.0000,0.0000,0.0000,0.0000
0,23.2000,26.8773,17.5743,1.5900,0.8487,-0.0738,-0.0752,0.0000,0.0000,0.0000,0.0000
0,23.2500,26.9194,17.5706,1.5861,0.8354,-0.0765,-0.0794,0.0000,0.0000,0.0000,0.0000
0,23.3000,26.9608,17.5667,1.5820,0.8220,-0.0791,-0.0835,0.0000,0.0000,0.0000,0.0000
0,23.3500,27.0016,17.5626,1.5778,0.8086,-0.0814,-0.0875,0.0000,0.0000,0.0000,0.0000
0,23.4000,27.0417,17.5585,1.5733,0.7950,-0.0835,-0.0913,0.0000,0.0000,0.0000,0.0000
0,23.4500,27.0811,17.5543,1.5686,0.7814,-0.0853,-0.0951,0.0000,0.0000,0.0000,0.0000
0,23.5000,27.1198,17.5500,1.5638,0.7678,-0.0870,-0.0987,0.0000,0.0000,0.0000,0.0000
0,23.5500,27.1579,17.5456,1.5588,0.7540,-0.0884,-0.1022,0.0000,0.0000,0.0000,0.0000
0,23.6000,27.1952,17.5412,1.5536,0.7402,-0.0896,-0.1056,0.0000,0.0000,0.0000,0.0000
0,23.6500,27.2319,17.5367,1.5482,0.7264,-0.0905,-0.1088,0.0000,0.0000,0.0000,0.0000
0,23.7000,27.2679,17.5321,1.5427,0.7125,-0.0913,-0.1120,0.0000,0.0000,0.0000,0.0000
0,23.7500,27.3032,17.5275,1.5370,0.6985,-0.0918,-0.1150,0.0000,0.0000,0.0000,0.0000
0,23.8000,27.3377,17.5229,1.5312,0.6845,-0.0921,-0.1180,0.0000,0.0000,0.0000,0.0000
0,23.8500,27.3716,17.5183,1.5252,0.6704,-0.0922,-0.1208,0.0000,0.0000,0.0000,0.0000
0,23.9000,27.4048,17.5137,1.5191,0.6562,-0.0921,-0.1235,0.0000,0.0000,0.0000,0.0000
0,23.9500,27.4372,17.5091,1.5129,0.6420,-0.0918,-0.1261,0.0000,0.0000,0.0000,0.0000
0,24.0000,27.4690,17.5045,1.5065,0.6278,-0.0913,-0.1286,0.0000,0.0000,0.0000,0.0000
0,24.0500,27.5000,17.5000,1.5000,0.6135,-0.0906,-0.1310,0.0000,0.0000,0.0000,0.0000
0,24.1000,27.5303,17.4955,1.4934,0.5992,-0.0897,-0.1333,0.0000,0.0000,0.0000,0.0000
0,24.1500,27.5599,17.4910,1.4867,0.5848,-0.0887,-0.1355,0.0000,0.0000,0.0000,0.0000
0,24.2000,27.5888,17.4866,1.4798,0.5703,-0.0874,-0.1377,0.0000,0.0000,0.0000,0.0000
0,24.2500,27.6169,17.4823,1.4729,0.5559,-0.0860,-0.1397,0.0000,0.0000,0.0000,0.0000
0,24.3000,27.6444,17.4780,1.4659,0.5413,-0.0845,-0.1416,0.0000,0.0000,0.0000,0.0000
0,24.3500,27.6711,17.4739,1.4587,0.5268,-0.0827,-0.1435,0.0000,0.0000,0.0000,0.0000
0,24.4000,27.6971,17.4698,1.4515,0.5122,-0.0809,-0.1453,0.0000,0.0000,0.0000,0.0000
0,24.4500,27.7223,17.4658,1.4442,0.4975,-0.0788,-0.1470,0.0000,0.0000,0.0000,0.0000
0,24.5000,27.7468,17.4619,1.4368,0.4829,-0.0767,-0.1486,0.0000,0.0000,0.0000,0.0000
0,24.5500,27.7706,17.4581,1.4294,0.4682,-0.0744,-0.1502,0.0000,0.0000,0.0000,0.0000
0,24.6000,27.7936,17.4544,1.4218,0.4534,-0.0720,-0.1517,0.0000,0.0000,0.0000,0.0000
0,24.6500,27.8159,17.4509,1.4142,0.4386,-0.0694,-0.1532,0.0000,0.0000,0.0000,0.0000
0,24.7000,27.8375,17.4475,1.4065,0.4238,-0.0668,-0.1545,0.0000,0.0000,0.0000,0.0000
0,24.7500,27.8583,17.4442,1.3987,0.4090,-0.0640,-0.1558,0.0000,0.0000,0.0000,0.0000
0,24.8000,27.8784,17.4411,1.3909,0.3942,-0.0611,-0.1571,0.0000,0.0000,0.0000,0.0000
0,24.8500,27.8977,17.4381,1.3830,0.3793,-0.0581,-0.1583,0.0000,0.0000,0.0000,0.0000
0,24.9000,27.9163,17.4353,1.3751,0.3644,-0.0550,-0.1595,0.0000,0.0000,0.0000,0.0000
0,24.9500,27.9342,17.4326,1.3671,0.3494,-0.0518,-0.1606,0.0000,0.0000,0.0000,0.0000
0,25.0000,27.9513,17.4301,1.3590,0.3345,-0.0486,-0.1616,0.0000,0.0000,0.0000,0.0000
0,25.0500,27.9676,17.4278,1.3509,0.3195,-0.0452,-0.1626,0.0000,0.0000,0.0000,0.0000
0,25.1000,27.9832,17.4256,1.3428,0.3045,-0.0418,-0.1636,0.0000,0.0000,0.0000,0.0000
0,25.1500,27.9981,17.4236,1.3346,0.2894,-0.0382,-0.1645,0.0000,0.0000,0.0000,0.0000
0,25.2000,28.0121,17.4218,1.3263,0.2744,-0.0346,-0.1654,0.0000,0.0000,0.0000,0.0000
0,25.2500,28.0255,17.4201,1.3180,0.2593,-0.0310,-0.1662,0.0000,0.0000,0.0000,0.0000
0,25.3000,28.0381,17.4187,1.3097,0.2443,-0.0272,-0.1671,0.0000,0.0000,0.0000,0.0000
0,25.3500,28.0499,17.4174,1.3013,0.2292,-0.0234,-0.1678,0.0000,0.0000,0.0000,0.0000
0,25.4000,28.0610,17.4163,1.2929,0.2141,-0.0196,-0.1686,0.0000,0.0000,0.0000,0.0000
0,25.4500,28.0713,17.4154,1.2845,0.1989,-0.0157,-0.1693,0.0000,0.0000,0.0000,0.0000
0,25.5000,28.0809,17.4148,1.2760,0.1838,-0.0117,-0.1700,0.0000,0.0000,0.0000,0.0000
0,25.5500,28.0897,17.4143,1.2675,0.1686,-0.0077,-0.1707,0.0000,0.0000,0.0000,0.0000
0,25.6000,28.0978,17.4140,1.2589,0.1535,-0.0036,-0.1713,0.0000,0.0000,0.0000,0.0000
0,25.6500,28.1050,17.4139,1.2503,0.1383,0.0005,-0.1719,0.0000,0.0000,0.0000,0.0000
0,25.7000,28.1116,17.4140,1.2417,0.1231,0.0047,-0.1725,0.0000,0.0000,0.0000,0.0000
0,25.7500,28.1174,17.4144,1.2331,0.1079,0.0088,-0.1731,0.0000,0.0000,0.0000,0.0000
0,25.8000,28.1224,17.4149,1.2244,0.0927,0.0131,-0.1737,0.0000,0.0000,0.0000,0.0000
0,25.8500,28.1266,17.4157,1.2157,0.0775,0.0173,-0.1742,0.0000,0.0000,0.0000,0.0000
0,25.9000,28.1301,17.4167,1.2070,0.0623,0.0216,-0.1747,0.0000,0.0000,0.0000,0.0000
0,25.9500,28.1329,17.4179,1.1982,0.0471,0.0259,-0.1753,0.0000,0.0000,0.0000,0.0000
0,26.0000,28.1348,17.4193,1.1895,0.0318,0.0302,-0.1758,0.0000,0.0000,0.0000,0.0000
0,26.0500,28.1360,17.4209,1.1807,0.0166,0.0346,-0.1762,0.0000,0.0000,0.0000,0.0000
0,26.1000,28.1365,17.4227,1.1718,0.0013,0.0390,-0.1767,0.0000,0.0000,0.0000,0.0000
0,26.1500,28.1362,17.4248,1.1630,-0.0139,0.0434,-0.1772,0.0000,0.0000,0.0000,0.0000
0,26.2000,28.1351,17.4271,1.1541,-0.0292,0.0478,-0.1777,0.0000,0.0000,0.0000,0.0000
0,26.2500,28.1333,17.4296,1.1452,-0.0444,0.0522,-0.1781,0.0000,0.0000,0.0000,0.0000
0,26.3000,28.1307,17.4323,1.1363,-0.0597,0.0567,-0.1786,0.0000,0.0000,0.0000,0.0000
0,26.3500,28.1273,17.4352,1.1274,-0.0749,0.0611,-0.1790,0.0000,0.0000,0.0000,0.0000
0,26.4000,28.1232,17.4384,1.1184,-0.0902,0.0656,-0.1794,0.0000,0.0000,0.0000,0.0000
0,26.4500,28.1183,17.4418,1.1094,-0.1055,0.0701,-0.1799,0.0000,0.0000,0.0000,0.0000
0,26.5000,28.1126,17.4454,1.1004,-0.1207,0.0745,-0.1803,0.0000,0.0000,0.0000,0.0000
0,26.5500,28.1062,17.4492,1.0914,-0.1360,0.0790,-0.1807,0.0000,0.0000,0.0000,0.0000
0,26.6000,28.0990,17.4533,1.0823,-0.1513,0.0835,-0.1811,0.0000,0.0000,0.0000,0.0000
0,26.6500,28.0911,17.4576,1.0733,-0.1666,0.0880,-0.1815,0.0000,0.0000,0.0000,0.0000
0,26.7000,28.0824,17.4621,1.0642,-0.1818,0.0925,-0.1820,0.0000,0.0000,0.0000,0.0000
0,26.7500,28.0729,17.4668,1.0551,-0.1971,0.0970,-0.1824,0.0000,0.0000,0.0000,0.0000
0,26.8000,28.0626,17.4718,1.0460,-0.2124,0.1015,-0.1828,0.0000,0.0000,0.0000,0.0000
0,26.8500,28.0516,17.4770,1.0368,-0.2277,0.1060,-0.1832,0.0000,0.0000,0.0000,0.0000
0,26.9000,28.0399,17.4824,1.0276,-0.2429,0.1105,-0.1836,0.0000,0.0000,0.0000,0.0000
0,26.9500,28.0274,17.4880,1.0184,-0.2582,0.1150,-0.1840,0.0000,0.0000,0.0000,0.0000
0,27.0000,28.0141,17.4939,1.0092,-0.2735,0.1195,-0.1844,0.0000,0.0000,0.0000,0.0000